param,value,conductor_segments,topology_nodes,topology_edges,endpoints,boundaries_resolved,boundaries_conflicted,wires,wires_resolved,wires_unresolved,wires_conflicted,electrical_nets,shared_segments,validation_errors,validation_warnings,valid_wires,conflicted_endpoint_ids
baseline,-,294,692,877,210,36,4,41,41,0,0,10,1,0,30,41,endpoint-candidate-1fd584e37a5c72b5;endpoint-candidate-b0e3d6bb622a227c;endpoint-candidate-c033140e251b7b86;endpoint-candidate-cde07f8718a2b9cd
gap_interpretation.maximum_gap,16,294,692,877,210,36,4,41,41,0,0,10,1,0,30,41,endpoint-candidate-1fd584e37a5c72b5;endpoint-candidate-b0e3d6bb622a227c;endpoint-candidate-c033140e251b7b86;endpoint-candidate-cde07f8718a2b9cd
gap_interpretation.maximum_gap,17,294,692,877,210,36,4,41,41,0,0,10,1,0,30,41,endpoint-candidate-1fd584e37a5c72b5;endpoint-candidate-b0e3d6bb622a227c;endpoint-candidate-c033140e251b7b86;endpoint-candidate-cde07f8718a2b9cd
gap_interpretation.maximum_gap,19,294,692,877,210,36,4,41,41,0,0,10,1,0,30,41,endpoint-candidate-1fd584e37a5c72b5;endpoint-candidate-b0e3d6bb622a227c;endpoint-candidate-c033140e251b7b86;endpoint-candidate-cde07f8718a2b9cd
gap_interpretation.maximum_gap,20,294,692,877,210,36,4,41,41,0,0,10,1,0,30,41,endpoint-candidate-1fd584e37a5c72b5;endpoint-candidate-b0e3d6bb622a227c;endpoint-candidate-c033140e251b7b86;endpoint-candidate-cde07f8718a2b9cd
gap_interpretation.maximum_gap,22,294,692,877,210,36,4,41,41,0,0,10,1,0,30,41,endpoint-candidate-1fd584e37a5c72b5;endpoint-candidate-b0e3d6bb622a227c;endpoint-candidate-c033140e251b7b86;endpoint-candidate-cde07f8718a2b9cd
gap_interpretation.minimum_gap,0.5,294,692,877,210,36,4,41,41,0,0,10,1,0,30,41,endpoint-candidate-1fd584e37a5c72b5;endpoint-candidate-b0e3d6bb622a227c;endpoint-candidate-c033140e251b7b86;endpoint-candidate-cde07f8718a2b9cd
gap_interpretation.minimum_gap,1.0,294,692,877,210,36,4,41,41,0,0,10,1,0,30,41,endpoint-candidate-1fd584e37a5c72b5;endpoint-candidate-b0e3d6bb622a227c;endpoint-candidate-c033140e251b7b86;endpoint-candidate-cde07f8718a2b9cd
gap_interpretation.minimum_gap,2.0,294,692,877,210,36,4,41,41,0,0,10,1,0,30,41,endpoint-candidate-1fd584e37a5c72b5;endpoint-candidate-b0e3d6bb622a227c;endpoint-candidate-c033140e251b7b86;endpoint-candidate-cde07f8718a2b9cd
gap_interpretation.minimum_gap,2.5,294,692,877,210,36,4,41,41,0,0,10,1,0,30,41,endpoint-candidate-1fd584e37a5c72b5;endpoint-candidate-b0e3d6bb622a227c;endpoint-candidate-c033140e251b7b86;endpoint-candidate-cde07f8718a2b9cd
gap_interpretation.minimum_ink_density,0.072,294,692,877,210,36,4,41,41,0,0,10,1,0,30,41,endpoint-candidate-1fd584e37a5c72b5;endpoint-candidate-b0e3d6bb622a227c;endpoint-candidate-c033140e251b7b86;endpoint-candidate-cde07f8718a2b9cd
gap_interpretation.minimum_ink_density,0.076,294,692,877,210,36,4,41,41,0,0,10,1,0,30,41,endpoint-candidate-1fd584e37a5c72b5;endpoint-candidate-b0e3d6bb622a227c;endpoint-candidate-c033140e251b7b86;endpoint-candidate-cde07f8718a2b9cd
gap_interpretation.minimum_ink_density,0.084,294,692,877,210,36,4,41,41,0,0,10,1,0,30,41,endpoint-candidate-1fd584e37a5c72b5;endpoint-candidate-b0e3d6bb622a227c;endpoint-candidate-c033140e251b7b86;endpoint-candidate-cde07f8718a2b9cd
gap_interpretation.minimum_ink_density,0.088,294,692,877,210,36,4,41,41,0,0,10,1,0,30,41,endpoint-candidate-1fd584e37a5c72b5;endpoint-candidate-b0e3d6bb622a227c;endpoint-candidate-c033140e251b7b86;endpoint-candidate-cde07f8718a2b9cd
gap_interpretation.minimum_ink_density,0.096,294,692,877,210,36,4,41,41,0,0,10,1,0,30,41,endpoint-candidate-1fd584e37a5c72b5;endpoint-candidate-b0e3d6bb622a227c;endpoint-candidate-c033140e251b7b86;endpoint-candidate-cde07f8718a2b9cd
topology.snap_tolerance,3.6,294,698,881,216,37,4,43,43,0,0,10,1,0,32,43,endpoint-candidate-1fd584e37a5c72b5;endpoint-candidate-b0e3d6bb622a227c;endpoint-candidate-c033140e251b7b86;endpoint-candidate-cde07f8718a2b9cd
topology.snap_tolerance,3.8,294,697,881,215,37,4,43,43,0,0,10,1,0,32,43,endpoint-candidate-1fd584e37a5c72b5;endpoint-candidate-b0e3d6bb622a227c;endpoint-candidate-c033140e251b7b86;endpoint-candidate-cde07f8718a2b9cd
topology.snap_tolerance,4.2,294,689,876,206,36,4,41,41,0,0,10,3,0,29,41,endpoint-candidate-1fd584e37a5c72b5;endpoint-candidate-b0e3d6bb622a227c;endpoint-candidate-c033140e251b7b86;endpoint-candidate-cde07f8718a2b9cd
topology.snap_tolerance,4.4,294,689,876,206,36,4,41,41,0,0,10,3,0,29,41,endpoint-candidate-1fd584e37a5c72b5;endpoint-candidate-b0e3d6bb622a227c;endpoint-candidate-c033140e251b7b86;endpoint-candidate-cde07f8718a2b9cd
geometry.endpoint_tolerance,0.6,294,692,877,210,36,4,41,41,0,0,10,1,0,30,41,endpoint-candidate-1fd584e37a5c72b5;endpoint-candidate-b0e3d6bb622a227c;endpoint-candidate-c033140e251b7b86;endpoint-candidate-cde07f8718a2b9cd
geometry.endpoint_tolerance,0.68,294,692,877,210,36,4,41,41,0,0,10,1,0,30,41,endpoint-candidate-1fd584e37a5c72b5;endpoint-candidate-b0e3d6bb622a227c;endpoint-candidate-c033140e251b7b86;endpoint-candidate-cde07f8718a2b9cd
geometry.endpoint_tolerance,0.83,294,692,877,210,36,4,41,41,0,0,10,1,0,30,41,endpoint-candidate-1fd584e37a5c72b5;endpoint-candidate-b0e3d6bb622a227c;endpoint-candidate-c033140e251b7b86;endpoint-candidate-cde07f8718a2b9cd
geometry.endpoint_tolerance,0.9,294,692,877,210,36,4,41,41,0,0,10,1,0,30,41,endpoint-candidate-1fd584e37a5c72b5;endpoint-candidate-b0e3d6bb622a227c;endpoint-candidate-c033140e251b7b86;endpoint-candidate-cde07f8718a2b9cd
geometry.collinear_tolerance,0.6,294,692,877,210,36,4,41,41,0,0,10,1,0,30,41,endpoint-candidate-1fd584e37a5c72b5;endpoint-candidate-b0e3d6bb622a227c;endpoint-candidate-c033140e251b7b86;endpoint-candidate-cde07f8718a2b9cd
geometry.collinear_tolerance,0.68,294,692,877,210,36,4,41,41,0,0,10,1,0,30,41,endpoint-candidate-1fd584e37a5c72b5;endpoint-candidate-b0e3d6bb622a227c;endpoint-candidate-c033140e251b7b86;endpoint-candidate-cde07f8718a2b9cd
geometry.collinear_tolerance,0.83,294,692,877,210,36,4,41,41,0,0,10,1,0,30,41,endpoint-candidate-1fd584e37a5c72b5;endpoint-candidate-b0e3d6bb622a227c;endpoint-candidate-c033140e251b7b86;endpoint-candidate-cde07f8718a2b9cd
geometry.collinear_tolerance,0.9,294,692,877,210,36,4,41,41,0,0,10,1,0,30,41,endpoint-candidate-1fd584e37a5c72b5;endpoint-candidate-b0e3d6bb622a227c;endpoint-candidate-c033140e251b7b86;endpoint-candidate-cde07f8718a2b9cd
morphology.adaptive_block_size,21,290,687,868,213,36,4,41,41,0,0,9,0,0,31,41,endpoint-candidate-1fd584e37a5c72b5;endpoint-candidate-b0e3d6bb622a227c;endpoint-candidate-c033140e251b7b86;endpoint-candidate-cde07f8718a2b9cd
morphology.adaptive_block_size,25,294,692,874,213,35,4,41,41,0,0,9,0,0,32,41,endpoint-candidate-1fd584e37a5c72b5;endpoint-candidate-b0e3d6bb622a227c;endpoint-candidate-c033140e251b7b86;endpoint-candidate-cde07f8718a2b9cd
morphology.adaptive_block_size,35,294,693,877,212,36,4,42,42,0,0,10,1,0,31,42,endpoint-candidate-1fd584e37a5c72b5;endpoint-candidate-b0e3d6bb622a227c;endpoint-candidate-c033140e251b7b86;endpoint-candidate-cde07f8718a2b9cd
morphology.adaptive_block_size,41,293,693,878,212,36,4,42,42,0,0,10,1,0,31,42,endpoint-candidate-1fd584e37a5c72b5;endpoint-candidate-8cc00a39307e370c;endpoint-candidate-b0e3d6bb622a227c;endpoint-candidate-cde07f8718a2b9cd
morphology.adaptive_c,5,295,695,880,212,37,4,41,41,0,0,10,0,0,31,41,endpoint-candidate-1fd584e37a5c72b5;endpoint-candidate-b0e3d6bb622a227c;endpoint-candidate-c033140e251b7b86;endpoint-candidate-cde07f8718a2b9cd
morphology.adaptive_c,6,294,692,877,210,36,4,41,41,0,0,10,1,0,30,41,endpoint-candidate-1fd584e37a5c72b5;endpoint-candidate-b0e3d6bb622a227c;endpoint-candidate-c033140e251b7b86;endpoint-candidate-cde07f8718a2b9cd
morphology.adaptive_c,8,293,690,874,210,36,4,41,41,0,0,10,1,0,30,41,endpoint-candidate-1fd584e37a5c72b5;endpoint-candidate-b0e3d6bb622a227c;endpoint-candidate-c033140e251b7b86;endpoint-candidate-cde07f8718a2b9cd
morphology.adaptive_c,9,294,691,874,211,36,4,41,41,0,0,10,1,0,30,41,endpoint-candidate-1fd584e37a5c72b5;endpoint-candidate-b0e3d6bb622a227c;endpoint-candidate-c033140e251b7b86;endpoint-candidate-cde07f8718a2b9cd
morphology.horizontal_kernel_length,15,343,757,950,216,31,3,44,44,0,0,11,1,0,38,44,endpoint-candidate-1fd584e37a5c72b5;endpoint-candidate-c033140e251b7b86;endpoint-candidate-cde07f8718a2b9cd
morphology.horizontal_kernel_length,20,308,714,901,213,34,4,46,46,0,0,11,6,0,34,46,endpoint-candidate-1fd584e37a5c72b5;endpoint-candidate-b0e3d6bb622a227c;endpoint-candidate-c033140e251b7b86;endpoint-candidate-cde07f8718a2b9cd
morphology.horizontal_kernel_length,30,274,671,855,206,39,4,40,40,0,0,11,6,0,27,40,endpoint-candidate-1fd584e37a5c72b5;endpoint-candidate-b0e3d6bb622a227c;endpoint-candidate-c033140e251b7b86;endpoint-candidate-cde07f8718a2b9cd
morphology.horizontal_kernel_length,35,266,655,840,199,38,4,38,38,0,0,8,1,0,26,38,endpoint-candidate-1fd584e37a5c72b5;endpoint-candidate-b0e3d6bb622a227c;endpoint-candidate-c033140e251b7b86;endpoint-candidate-cde07f8718a2b9cd
morphology.vertical_kernel_length,15,366,802,992,243,58,6,50,50,0,0,13,0,0,36,50,endpoint-candidate-673a8edc98c0f851;endpoint-candidate-8c69dbd27830c7c8;endpoint-candidate-b0e3d6bb622a227c;endpoint-candidate-c033140e251b7b86;endpoint-candidate-cde07f8718a2b9cd;endpoint-candidate-ef4aab10cb47be94
morphology.vertical_kernel_length,20,315,719,907,213,37,5,45,45,0,0,7,2,0,34,45,endpoint-candidate-632f7ab1d35aecd7;endpoint-candidate-707de789b5231f30;endpoint-candidate-a7220f8df673b6f8;endpoint-candidate-b19abde1f4cfc96c;endpoint-candidate-f042c2183594abf5
morphology.vertical_kernel_length,30,271,650,839,186,26,5,33,33,0,0,9,3,0,25,33,endpoint-candidate-632f7ab1d35aecd7;endpoint-candidate-707de789b5231f30;endpoint-candidate-76b0de795dcbebf5;endpoint-candidate-907bc3c111236123;endpoint-candidate-b19abde1f4cfc96c
morphology.vertical_kernel_length,35,255,631,815,188,26,4,31,31,0,0,8,1,0,25,31,endpoint-candidate-1fd584e37a5c72b5;endpoint-candidate-907bc3c111236123;endpoint-candidate-c033140e251b7b86;endpoint-candidate-cde07f8718a2b9cd
conductor_evidence.minimum_continuous_length,9.6,294,692,877,210,36,4,41,41,0,0,10,1,0,30,41,endpoint-candidate-1fd584e37a5c72b5;endpoint-candidate-b0e3d6bb622a227c;endpoint-candidate-c033140e251b7b86;endpoint-candidate-cde07f8718a2b9cd
conductor_evidence.minimum_continuous_length,10.8,294,692,877,210,36,4,41,41,0,0,10,1,0,30,41,endpoint-candidate-1fd584e37a5c72b5;endpoint-candidate-b0e3d6bb622a227c;endpoint-candidate-c033140e251b7b86;endpoint-candidate-cde07f8718a2b9cd
conductor_evidence.minimum_continuous_length,13.2,294,692,877,210,36,4,41,41,0,0,10,1,0,30,41,endpoint-candidate-1fd584e37a5c72b5;endpoint-candidate-b0e3d6bb622a227c;endpoint-candidate-c033140e251b7b86;endpoint-candidate-cde07f8718a2b9cd
conductor_evidence.minimum_continuous_length,14.4,294,692,877,210,36,4,41,41,0,0,10,1,0,30,41,endpoint-candidate-1fd584e37a5c72b5;endpoint-candidate-b0e3d6bb622a227c;endpoint-candidate-c033140e251b7b86;endpoint-candidate-cde07f8718a2b9cd
morphology.minimum_segment_length,8,294,692,877,210,36,4,41,41,0,0,10,1,0,30,41,endpoint-candidate-1fd584e37a5c72b5;endpoint-candidate-b0e3d6bb622a227c;endpoint-candidate-c033140e251b7b86;endpoint-candidate-cde07f8718a2b9cd
morphology.minimum_segment_length,10,294,692,877,210,36,4,41,41,0,0,10,1,0,30,41,endpoint-candidate-1fd584e37a5c72b5;endpoint-candidate-b0e3d6bb622a227c;endpoint-candidate-c033140e251b7b86;endpoint-candidate-cde07f8718a2b9cd
morphology.minimum_segment_length,14,294,692,877,210,36,4,41,41,0,0,10,1,0,30,41,endpoint-candidate-1fd584e37a5c72b5;endpoint-candidate-b0e3d6bb622a227c;endpoint-candidate-c033140e251b7b86;endpoint-candidate-cde07f8718a2b9cd
terminals.boundary_tolerance,7.2,294,692,877,210,35,4,40,40,0,0,9,0,0,31,40,endpoint-candidate-1fd584e37a5c72b5;endpoint-candidate-b0e3d6bb622a227c;endpoint-candidate-c033140e251b7b86;endpoint-candidate-cde07f8718a2b9cd
terminals.boundary_tolerance,7.6,294,692,877,210,35,4,40,40,0,0,9,0,0,31,40,endpoint-candidate-1fd584e37a5c72b5;endpoint-candidate-b0e3d6bb622a227c;endpoint-candidate-c033140e251b7b86;endpoint-candidate-cde07f8718a2b9cd
terminals.boundary_tolerance,8.4,294,692,877,210,36,4,41,41,0,0,10,1,0,30,41,endpoint-candidate-1fd584e37a5c72b5;endpoint-candidate-b0e3d6bb622a227c;endpoint-candidate-c033140e251b7b86;endpoint-candidate-cde07f8718a2b9cd
terminals.boundary_tolerance,8.8,294,692,877,210,36,4,41,41,0,0,10,1,0,30,41,endpoint-candidate-1fd584e37a5c72b5;endpoint-candidate-b0e3d6bb622a227c;endpoint-candidate-c033140e251b7b86;endpoint-candidate-cde07f8718a2b9cd
terminal_recognition.aligned_boundary_max_distance,14.4,294,692,877,210,36,4,41,41,0,0,10,1,0,30,41,endpoint-candidate-1fd584e37a5c72b5;endpoint-candidate-b0e3d6bb622a227c;endpoint-candidate-c033140e251b7b86;endpoint-candidate-cde07f8718a2b9cd
terminal_recognition.aligned_boundary_max_distance,15.2,294,692,877,210,36,4,41,41,0,0,10,1,0,30,41,endpoint-candidate-1fd584e37a5c72b5;endpoint-candidate-b0e3d6bb622a227c;endpoint-candidate-c033140e251b7b86;endpoint-candidate-cde07f8718a2b9cd
terminal_recognition.aligned_boundary_max_distance,16.8,294,692,877,210,35,5,41,41,0,0,9,1,0,31,41,endpoint-candidate-1fd584e37a5c72b5;endpoint-candidate-731ae6a45fb30f5a;endpoint-candidate-b0e3d6bb622a227c;endpoint-candidate-c033140e251b7b86;endpoint-candidate-cde07f8718a2b9cd
terminal_recognition.aligned_boundary_max_distance,17.6,294,692,877,210,35,5,41,41,0,0,9,1,0,31,41,endpoint-candidate-1fd584e37a5c72b5;endpoint-candidate-731ae6a45fb30f5a;endpoint-candidate-b0e3d6bb622a227c;endpoint-candidate-c033140e251b7b86;endpoint-candidate-cde07f8718a2b9cd
terminal_recognition.minimum_alignment_cosine,0.765,294,692,877,210,38,4,41,41,0,0,10,1,0,30,41,endpoint-candidate-1fd584e37a5c72b5;endpoint-candidate-b0e3d6bb622a227c;endpoint-candidate-c033140e251b7b86;endpoint-candidate-cde07f8718a2b9cd
terminal_recognition.minimum_alignment_cosine,0.8075,294,692,877,210,37,4,41,41,0,0,10,1,0,30,41,endpoint-candidate-1fd584e37a5c72b5;endpoint-candidate-b0e3d6bb622a227c;endpoint-candidate-c033140e251b7b86;endpoint-candidate-cde07f8718a2b9cd
terminal_recognition.minimum_alignment_cosine,0.8925,294,692,877,210,36,4,41,41,0,0,10,1,0,30,41,endpoint-candidate-1fd584e37a5c72b5;endpoint-candidate-b0e3d6bb622a227c;endpoint-candidate-c033140e251b7b86;endpoint-candidate-cde07f8718a2b9cd
terminal_recognition.minimum_alignment_cosine,0.935,294,692,877,210,36,4,41,41,0,0,10,1,0,30,41,endpoint-candidate-1fd584e37a5c72b5;endpoint-candidate-b0e3d6bb622a227c;endpoint-candidate-c033140e251b7b86;endpoint-candidate-cde07f8718a2b9cd
terminal_recognition.terminal_lead_max_distance,5.0,294,692,877,210,36,4,41,41,0,0,10,1,0,30,41,endpoint-candidate-1fd584e37a5c72b5;endpoint-candidate-b0e3d6bb622a227c;endpoint-candidate-c033140e251b7b86;endpoint-candidate-cde07f8718a2b9cd
terminal_recognition.terminal_lead_max_distance,5.5,294,692,877,210,36,4,41,41,0,0,10,1,0,30,41,endpoint-candidate-1fd584e37a5c72b5;endpoint-candidate-b0e3d6bb622a227c;endpoint-candidate-c033140e251b7b86;endpoint-candidate-cde07f8718a2b9cd
terminal_recognition.terminal_lead_max_distance,6.5,294,692,877,210,36,4,41,41,0,0,10,1,0,30,41,endpoint-candidate-1fd584e37a5c72b5;endpoint-candidate-b0e3d6bb622a227c;endpoint-candidate-c033140e251b7b86;endpoint-candidate-cde07f8718a2b9cd
terminal_recognition.terminal_lead_max_distance,7.0,294,692,877,210,36,4,41,41,0,0,10,1,0,30,41,endpoint-candidate-1fd584e37a5c72b5;endpoint-candidate-b0e3d6bb622a227c;endpoint-candidate-c033140e251b7b86;endpoint-candidate-cde07f8718a2b9cd
shapes.contour_threshold,162,285,664,834,206,31,3,42,42,0,0,8,2,0,37,42,endpoint-candidate-1fd584e37a5c72b5;endpoint-candidate-bb8c52ba80255fa6;endpoint-candidate-c033140e251b7b86
shapes.contour_threshold,171,286,673,854,203,46,3,42,42,0,0,10,3,0,29,42,endpoint-candidate-1fd584e37a5c72b5;endpoint-candidate-c033140e251b7b86;endpoint-candidate-cde07f8718a2b9cd
shapes.contour_threshold,189,289,688,870,214,44,5,47,47,0,0,12,2,0,31,47,endpoint-candidate-1fd584e37a5c72b5;endpoint-candidate-7b8b0ec5ae054b51;endpoint-candidate-b06048fbeb206768;endpoint-candidate-b0e3d6bb622a227c;endpoint-candidate-c033140e251b7b86
shapes.contour_threshold,198,286,684,871,208,42,5,39,39,0,0,10,0,0,30,39,endpoint-candidate-1fd584e37a5c72b5;endpoint-candidate-7b8b0ec5ae054b51;endpoint-candidate-b06048fbeb206768;endpoint-candidate-c033140e251b7b86;endpoint-candidate-ed80cc175401e02d
diagram_furniture.minimum_cluster_size,14,294,692,877,210,36,4,41,41,0,0,10,1,0,30,41,endpoint-candidate-1fd584e37a5c72b5;endpoint-candidate-b0e3d6bb622a227c;endpoint-candidate-c033140e251b7b86;endpoint-candidate-cde07f8718a2b9cd
diagram_furniture.minimum_cluster_size,15,294,692,877,210,36,4,41,41,0,0,10,1,0,30,41,endpoint-candidate-1fd584e37a5c72b5;endpoint-candidate-b0e3d6bb622a227c;endpoint-candidate-c033140e251b7b86;endpoint-candidate-cde07f8718a2b9cd
diagram_furniture.minimum_cluster_size,17,294,692,877,210,36,4,41,41,0,0,10,1,0,30,41,endpoint-candidate-1fd584e37a5c72b5;endpoint-candidate-b0e3d6bb622a227c;endpoint-candidate-c033140e251b7b86;endpoint-candidate-cde07f8718a2b9cd
diagram_furniture.minimum_cluster_size,18,294,692,877,210,36,4,41,41,0,0,10,1,0,30,41,endpoint-candidate-1fd584e37a5c72b5;endpoint-candidate-b0e3d6bb622a227c;endpoint-candidate-c033140e251b7b86;endpoint-candidate-cde07f8718a2b9cd
diagram_furniture.max_neighbor_gap_px,36,294,692,877,210,37,5,41,41,0,0,10,1,0,30,41,endpoint-candidate-1fd584e37a5c72b5;endpoint-candidate-8827e7b71853e251;endpoint-candidate-b0e3d6bb622a227c;endpoint-candidate-c033140e251b7b86;endpoint-candidate-cde07f8718a2b9cd
diagram_furniture.max_neighbor_gap_px,40,294,692,877,210,36,4,41,41,0,0,10,1,0,30,41,endpoint-candidate-1fd584e37a5c72b5;endpoint-candidate-b0e3d6bb622a227c;endpoint-candidate-c033140e251b7b86;endpoint-candidate-cde07f8718a2b9cd
diagram_furniture.max_neighbor_gap_px,44,294,692,877,210,36,4,41,41,0,0,10,1,0,30,41,endpoint-candidate-1fd584e37a5c72b5;endpoint-candidate-b0e3d6bb622a227c;endpoint-candidate-c033140e251b7b86;endpoint-candidate-cde07f8718a2b9cd
diagram_furniture.max_neighbor_gap_px,49,294,692,877,210,36,4,41,41,0,0,10,1,0,30,41,endpoint-candidate-1fd584e37a5c72b5;endpoint-candidate-b0e3d6bb622a227c;endpoint-candidate-c033140e251b7b86;endpoint-candidate-cde07f8718a2b9cd
